season_id,player_id,player_name,team_id,team,team_name,game_id,game_date,matchup,wl,mins,pts,fgm,fga,fg_pct,fg3m,fg3a,fg3_pct,ftm,fta,ft_pct,oreb,dreb,reb,ast,stl,blk,tov,pf,plus_minus
22024,1628396,Tony Bradley,1610612754,IND,Indiana Pacers,0022400959,2025-03-14,IND @ PHI,W,2,0,0,0,,0,0,,0,0,,0,0,0,0,0,0,0,0,0
22024,1642419,Jamison Battle,1610612761,TOR,Toronto Raptors,0022400966,2025-03-14,TOR @ UTA,W,36,7,3,11,0.273,1,6,0.167,0,0,,0,6,6,0,1,2,0,3,-11
22024,1642262,Cody Williams,1610612762,UTA,Utah Jazz,0022400966,2025-03-14,UTA vs. TOR,L,26,6,2,5,0.4,2,4,0.5,0,0,,0,4,4,0,0,0,2,4,4
22024,1641729,Brice Sensabaugh,1610612762,UTA,Utah Jazz,0022400966,2025-03-14,UTA vs. TOR,L,21,13,5,7,0.714,3,4,0.75,0,0,,0,1,1,0,2,0,1,2,-9
22024,1630658,Colin Castleton,1610612761,TOR,Toronto Raptors,0022400966,2025-03-14,TOR @ UTA,W,24,13,5,5,1.0,1,1,1.0,2,2,1.0,2,5,7,2,0,0,4,4,1
22024,1628374,Lauri Markkanen,1610612762,UTA,Utah Jazz,0022400966,2025-03-14,UTA vs. TOR,L,19,16,5,14,0.357,4,8,0.5,2,2,1.0,0,5,5,0,0,0,2,1,10
22024,202066,Garrett Temple,1610612761,TOR,Toronto Raptors,0022400966,2025-03-14,TOR @ UTA,W,20,6,1,3,0.333,1,2,0.5,3,4,0.75,1,3,4,3,2,0,1,4,7
22024,1629630,Ja Morant,1610612763,MEM,Memphis Grizzlies,0022400962,2025-03-14,MEM vs. CLE,L,35,44,17,22,0.773,1,4,0.25,9,10,0.9,0,8,8,7,1,0,2,3,-6
22024,1641713,GG Jackson,1610612763,MEM,Memphis Grizzlies,0022400962,2025-03-14,MEM vs. CLE,L,14,4,2,9,0.222,0,2,0.0,0,0,,2,4,6,1,0,0,0,0,1
22024,1630205,Lamar Stevens,1610612763,MEM,Memphis Grizzlies,0022400962,2025-03-14,MEM vs. CLE,L,15,7,3,4,0.75,1,2,0.5,0,0,,0,5,5,1,0,0,0,1,8
22024,1629731,Dean Wade,1610612739,CLE,Cleveland Cavaliers,0022400962,2025-03-14,CLE @ MEM,W,23,2,1,4,0.25,0,3,0.0,0,0,,1,3,4,0,0,0,0,0,-1
22024,1629660,Ty Jerome,1610612739,CLE,Cleveland Cavaliers,0022400962,2025-03-14,CLE @ MEM,W,17,12,4,8,0.5,1,4,0.25,3,3,1.0,0,2,2,5,0,0,3,3,5
22024,1629631,De'Andre Hunter,1610612739,CLE,Cleveland Cavaliers,0022400962,2025-03-14,CLE @ MEM,W,23,18,4,6,0.667,3,5,0.6,7,8,0.875,0,5,5,1,1,0,1,5,11
22024,1642377,Jaylen Wells,1610612763,MEM,Memphis Grizzlies,0022400962,2025-03-14,MEM vs. CLE,L,17,7,3,5,0.6,0,1,0.0,1,1,1.0,0,0,0,0,0,0,1,1,-4
22024,1642285,Cam Spencer,1610612763,MEM,Memphis Grizzlies,0022400962,2025-03-14,MEM vs. CLE,L,7,3,1,4,0.25,1,4,0.25,0,0,,0,0,0,2,0,0,0,2,15
22024,1642281,Jaylon Tyson,1610612739,CLE,Cleveland Cavaliers,0022400962,2025-03-14,CLE @ MEM,W,4,2,0,4,0.0,0,3,0.0,2,2,1.0,1,0,1,0,0,0,0,0,-11
22024,1641854,Craig Porter Jr.,1610612739,CLE,Cleveland Cavaliers,0022400962,2025-03-14,CLE @ MEM,W,4,1,0,1,0.0,0,0,,1,2,0.5,0,0,0,0,0,1,0,0,-11
22024,1641744,Zach Edey,1610612763,MEM,Memphis Grizzlies,0022400962,2025-03-14,MEM vs. CLE,L,11,6,2,4,0.5,0,0,,2,2,1.0,3,0,3,1,0,0,1,2,-16
22024,1631246,Vince Williams Jr.,1610612763,MEM,Memphis Grizzlies,0022400962,2025-03-14,MEM vs. CLE,L,18,3,1,2,0.5,1,1,1.0,0,0,,0,3,3,2,0,0,1,2,4
22024,1630643,Jay Huff,1610612763,MEM,Memphis Grizzlies,0022400962,2025-03-14,MEM vs. CLE,L,4,2,1,1,1.0,0,0,,0,0,,0,0,0,0,1,0,0,0,1
22024,1630596,Evan Mobley,1610612739,CLE,Cleveland Cavaliers,0022400962,2025-03-14,CLE @ MEM,W,32,22,9,16,0.563,3,6,0.5,1,2,0.5,2,9,11,3,1,2,2,0,16
22024,1630590,Scotty Pippen Jr.,1610612763,MEM,Memphis Grizzlies,0022400962,2025-03-14,MEM vs. CLE,L,22,8,3,6,0.5,2,4,0.5,0,0,,0,3,3,6,3,1,0,1,-3
22024,1630241,Sam Merrill,1610612739,CLE,Cleveland Cavaliers,0022400962,2025-03-14,CLE @ MEM,W,22,14,5,7,0.714,4,5,0.8,0,0,,1,0,1,2,0,0,2,1,13
22024,1630217,Desmond Bane,1610612763,MEM,Memphis Grizzlies,0022400962,2025-03-14,MEM vs. CLE,L,26,12,5,16,0.313,2,9,0.222,0,1,0.0,3,3,6,3,0,0,5,4,-24
22024,1630171,Isaac Okoro,1610612739,CLE,Cleveland Cavaliers,0022400962,2025-03-14,CLE @ MEM,W,21,7,3,4,0.75,1,2,0.5,0,0,,1,2,3,2,0,0,2,2,7
22024,1629750,Javonte Green,1610612739,CLE,Cleveland Cavaliers,0022400962,2025-03-14,CLE @ MEM,W,14,10,3,10,0.3,2,8,0.25,2,2,1.0,2,2,4,2,1,0,0,2,-7
22024,1629723,John Konchar,1610612763,MEM,Memphis Grizzlies,0022400962,2025-03-14,MEM vs. CLE,L,4,2,1,1,1.0,0,0,,0,0,,0,1,1,1,0,0,0,0,11
22024,1629636,Darius Garland,1610612739,CLE,Cleveland Cavaliers,0022400962,2025-03-14,CLE @ MEM,W,30,20,7,17,0.412,3,11,0.273,3,3,1.0,0,2,2,9,4,0,3,1,17
22024,1629634,Brandon Clarke,1610612763,MEM,Memphis Grizzlies,0022400962,2025-03-14,MEM vs. CLE,L,19,13,5,7,0.714,0,0,,3,5,0.6,1,4,5,1,1,0,1,3,-6
22024,1629622,Max Strus,1610612739,CLE,Cleveland Cavaliers,0022400962,2025-03-14,CLE @ MEM,W,22,9,2,4,0.5,2,4,0.5,3,3,1.0,0,4,4,5,1,0,0,0,7
22024,1628991,Jaren Jackson Jr.,1610612763,MEM,Memphis Grizzlies,0022400962,2025-03-14,MEM vs. CLE,L,28,13,4,10,0.4,3,5,0.6,2,2,1.0,0,3,3,0,4,2,0,5,-21
22024,1628963,Marvin Bagley III,1610612763,MEM,Memphis Grizzlies,0022400962,2025-03-14,MEM vs. CLE,L,4,0,0,1,0.0,0,0,,0,0,,0,1,1,0,0,0,0,0,11
22024,1628386,Jarrett Allen,1610612739,CLE,Cleveland Cavaliers,0022400962,2025-03-14,CLE @ MEM,W,25,16,6,7,0.857,0,0,,4,8,0.5,0,6,6,3,1,1,2,3,10
22024,1628379,Luke Kennard,1610612763,MEM,Memphis Grizzlies,0022400962,2025-03-14,MEM vs. CLE,L,15,0,0,5,0.0,0,4,0.0,0,0,,1,0,1,0,1,0,3,1,-16
22024,202684,Tristan Thompson,1610612739,CLE,Cleveland Cavaliers,0022400962,2025-03-14,CLE @ MEM,W,4,0,0,0,,0,0,,0,0,,0,0,0,0,0,0,0,0,-11
22024,1629675,Naz Reid,1610612750,MIN,Minnesota Timberwolves,0022400963,2025-03-14,MIN vs. ORL,W,27,8,3,9,0.333,2,6,0.333,0,2,0.0,0,7,7,3,1,2,2,4,7
22024,1641783,Tristan da Silva,1610612753,ORL,Orlando Magic,0022400963,2025-03-14,ORL @ MIN,L,22,8,3,6,0.5,2,3,0.667,0,0,,0,3,3,0,0,0,1,1,-6
22024,203497,Rudy Gobert,1610612750,MIN,Minnesota Timberwolves,0022400963,2025-03-14,MIN vs. ORL,W,35,12,5,7,0.714,0,0,,2,4,0.5,4,8,12,1,2,0,1,2,16
22024,201144,Mike Conley,1610612750,MIN,Minnesota Timberwolves,0022400963,2025-03-14,MIN vs. ORL,W,24,9,3,6,0.5,3,5,0.6,0,0,,0,1,1,3,0,0,0,1,20
22024,1630183,Jaden McDaniels,1610612750,MIN,Minnesota Timberwolves,0022400963,2025-03-14,MIN vs. ORL,W,32,11,4,6,0.667,2,3,0.667,1,2,0.5,0,8,8,2,3,2,2,4,16
22024,1628978,Donte DiVincenzo,1610612750,MIN,Minnesota Timberwolves,0022400963,2025-03-14,MIN vs. ORL,W,30,14,6,11,0.545,2,5,0.4,0,0,,0,3,3,5,1,1,1,4,-4
22024,1631216,Caleb Houstan,1610612753,ORL,Orlando Magic,0022400963,2025-03-14,ORL @ MIN,L,27,18,6,9,0.667,6,8,0.75,0,0,,0,1,1,1,4,0,0,1,6
22024,1641710,Anthony Black,1610612753,ORL,Orlando Magic,0022400963,2025-03-14,ORL @ MIN,L,20,6,2,8,0.25,0,2,0.0,2,2,1.0,2,2,4,2,0,0,0,1,4
22024,1628371,Jonathan Isaac,1610612753,ORL,Orlando Magic,0022400963,2025-03-14,ORL @ MIN,L,9,3,1,3,0.333,1,1,1.0,0,0,,1,0,1,1,2,0,1,2,-3
22024,1630532,Franz Wagner,1610612753,ORL,Orlando Magic,0022400963,2025-03-14,ORL @ MIN,L,34,16,4,16,0.25,0,2,0.0,8,8,1.0,1,3,4,4,1,0,5,1,-16
22024,1630162,Anthony Edwards,1610612750,MIN,Minnesota Timberwolves,0022400963,2025-03-14,MIN vs. ORL,W,39,28,9,19,0.474,3,8,0.375,7,8,0.875,0,4,4,5,0,1,3,2,-5
22024,1631094,Paolo Banchero,1610612753,ORL,Orlando Magic,0022400963,2025-03-14,ORL @ MIN,L,37,43,16,32,0.5,2,7,0.286,9,11,0.818,1,9,10,3,0,0,1,2,-2
22024,1641740,Jaylen Clark,1610612750,MIN,Minnesota Timberwolves,0022400963,2025-03-14,MIN vs. ORL,W,5,2,1,1,1.0,0,0,,0,0,,0,0,0,1,1,0,0,0,2
22024,1641724,Jett Howard,1610612753,ORL,Orlando Magic,0022400963,2025-03-14,ORL @ MIN,L,4,2,1,2,0.5,0,1,0.0,0,0,,0,1,1,0,0,0,1,0,-4
22024,1629638,Nickeil Alexander-Walker,1610612750,MIN,Minnesota Timberwolves,0022400963,2025-03-14,MIN vs. ORL,W,18,12,4,8,0.5,1,3,0.333,3,4,0.75,0,3,3,1,0,0,3,0,-10
22024,1629048,Goga Bitadze,1610612753,ORL,Orlando Magic,0022400963,2025-03-14,ORL @ MIN,L,6,0,0,0,,0,0,,0,0,,0,1,1,1,1,1,0,2,6
22024,1628976,Wendell Carter Jr.,1610612753,ORL,Orlando Magic,0022400963,2025-03-14,ORL @ MIN,L,31,4,2,5,0.4,0,2,0.0,0,0,,1,1,2,2,0,1,2,5,-8
22024,203944,Julius Randle,1610612750,MIN,Minnesota Timberwolves,0022400963,2025-03-14,MIN vs. ORL,W,29,22,7,13,0.538,1,3,0.333,7,8,0.875,2,5,7,5,0,0,3,4,-7
22024,1642271,Kyle Filipowski,1610612762,UTA,Utah Jazz,0022400966,2025-03-14,UTA vs. TOR,L,33,18,5,11,0.455,3,5,0.6,5,6,0.833,3,8,11,3,2,1,2,3,14
22024,203903,Jordan Clarkson,1610612762,UTA,Utah Jazz,0022400966,2025-03-14,UTA vs. TOR,L,23,19,5,9,0.556,2,3,0.667,7,9,0.778,1,1,2,3,2,0,2,1,-14
22024,1628370,Malik Monk,1610612758,SAC,Sacramento Kings,0022400967,2025-03-14,SAC @ PHX,L,42,18,8,18,0.444,0,8,0.0,2,2,1.0,2,6,8,5,0,0,4,2,-4
22024,1626164,Devin Booker,1610612756,PHX,Phoenix Suns,0022400967,2025-03-14,PHX vs. SAC,W,37,22,8,17,0.471,4,10,0.4,2,2,1.0,1,3,4,13,1,0,3,1,9
22024,1642345,Oso Ighodaro,1610612756,PHX,Phoenix Suns,0022400967,2025-03-14,PHX vs. SAC,W,32,11,4,5,0.8,0,0,,3,4,0.75,1,5,6,1,1,1,1,3,23
22024,202685,Jonas Valančiūnas,1610612758,SAC,Sacramento Kings,0022400967,2025-03-14,SAC @ PHX,L,12,6,2,5,0.4,0,0,,2,2,1.0,5,0,5,2,0,0,3,3,-15
22024,1626220,Royce O'Neale,1610612756,PHX,Phoenix Suns,0022400967,2025-03-14,PHX vs. SAC,W,21,9,3,4,0.75,3,4,0.75,0,0,,0,3,3,1,2,0,1,2,10
22024,1631222,Jake LaRavia,1610612758,SAC,Sacramento Kings,0022400967,2025-03-14,SAC @ PHX,L,16,3,1,4,0.25,1,3,0.333,0,0,,0,2,2,0,0,0,0,3,-11
22024,1642346,Ryan Dunn,1610612756,PHX,Phoenix Suns,0022400967,2025-03-14,PHX vs. SAC,W,33,16,6,16,0.375,2,9,0.222,2,2,1.0,2,3,5,3,4,0,1,3,5
22024,1631165,Keon Ellis,1610612758,SAC,Sacramento Kings,0022400967,2025-03-14,SAC @ PHX,L,22,7,2,2,1.0,0,0,,3,3,1.0,0,1,1,1,1,0,2,3,-18
22024,1626145,Tyus Jones,1610612756,PHX,Phoenix Suns,0022400967,2025-03-14,PHX vs. SAC,W,24,20,6,7,0.857,6,6,1.0,2,2,1.0,0,2,2,4,0,0,0,0,14
22024,1642403,Isaac Jones,1610612758,SAC,Sacramento Kings,0022400967,2025-03-14,SAC @ PHX,L,1,2,1,1,1.0,0,0,,0,0,,1,0,1,0,0,0,0,0,2
22024,1642384,Isaiah Crawford,1610612758,SAC,Sacramento Kings,0022400967,2025-03-14,SAC @ PHX,L,1,0,0,0,,0,0,,0,0,,0,0,0,0,0,0,0,0,2
22024,1642269,Devin Carter,1610612758,SAC,Sacramento Kings,0022400967,2025-03-14,SAC @ PHX,L,6,0,0,0,,0,0,,0,0,,0,1,1,0,0,0,0,1,4
22024,1631221,Collin Gillespie,1610612756,PHX,Phoenix Suns,0022400967,2025-03-14,PHX vs. SAC,W,11,5,1,3,0.333,1,1,1.0,2,2,1.0,0,1,1,2,1,0,0,1,15
22024,1631102,TyTy Washington Jr.,1610612756,PHX,Phoenix Suns,0022400967,2025-03-14,PHX vs. SAC,W,1,0,0,0,,0,0,,0,0,,0,0,0,0,0,0,0,0,-2
22024,1631099,Keegan Murray,1610612758,SAC,Sacramento Kings,0022400967,2025-03-14,SAC @ PHX,L,37,14,6,13,0.462,2,8,0.25,0,0,,3,5,8,2,2,0,1,1,-2
22024,1629626,Bol Bol,1610612756,PHX,Phoenix Suns,0022400967,2025-03-14,PHX vs. SAC,W,1,0,0,0,,0,0,,0,0,,0,1,1,0,0,0,0,0,0
22024,1628365,Markelle Fultz,1610612758,SAC,Sacramento Kings,0022400967,2025-03-14,SAC @ PHX,L,1,0,0,1,0.0,0,0,,0,0,,0,0,0,0,0,0,0,0,2
22024,1627734,Domantas Sabonis,1610612758,SAC,Sacramento Kings,0022400967,2025-03-14,SAC @ PHX,L,30,12,4,11,0.364,0,2,0.0,4,4,1.0,1,10,11,12,3,1,2,2,-8
22024,203486,Mason Plumlee,1610612756,PHX,Phoenix Suns,0022400967,2025-03-14,PHX vs. SAC,W,16,2,1,3,0.333,0,0,,0,0,,1,4,5,1,1,0,0,3,-7
22024,203078,Bradley Beal,1610612756,PHX,Phoenix Suns,0022400967,2025-03-14,PHX vs. SAC,W,26,15,5,9,0.556,4,7,0.571,1,3,0.333,0,3,3,2,1,0,1,2,-1
22024,201942,DeMar DeRozan,1610612758,SAC,Sacramento Kings,0022400967,2025-03-14,SAC @ PHX,L,34,23,9,13,0.692,3,5,0.6,2,3,0.667,0,0,0,1,0,0,5,0,-11
22024,201142,Kevin Durant,1610612756,PHX,Phoenix Suns,0022400967,2025-03-14,PHX vs. SAC,W,36,22,7,15,0.467,4,6,0.667,4,4,1.0,2,2,4,6,1,2,4,0,14
22024,1629003,Shake Milton,1610612747,LAL,Los Angeles Lakers,0022400965,2025-03-14,LAL @ DEN,L,28,16,7,11,0.636,1,2,0.5,1,1,1.0,1,4,5,3,1,0,2,1,10
22024,1630692,Jordan Goodwin,1610612747,LAL,Los Angeles Lakers,0022400965,2025-03-14,LAL @ DEN,L,34,10,4,8,0.5,2,3,0.667,0,0,,3,3,6,2,1,1,0,2,-8
22024,1629008,Michael Porter Jr.,1610612743,DEN,Denver Nuggets,0022400965,2025-03-14,DEN vs. LAL,W,33,13,5,11,0.455,1,4,0.25,2,2,1.0,0,4,4,2,0,0,1,3,11
22024,201566,Russell Westbrook,1610612743,DEN,Denver Nuggets,0022400965,2025-03-14,DEN vs. LAL,W,28,17,7,16,0.438,3,6,0.5,0,0,,1,5,6,7,1,0,4,2,2
22024,1631212,Peyton Watson,1610612743,DEN,Denver Nuggets,0022400965,2025-03-14,DEN vs. LAL,W,16,4,1,5,0.2,0,1,0.0,2,4,0.5,0,1,1,1,2,1,0,0,-8
22024,1642355,Bronny James,1610612747,LAL,Los Angeles Lakers,0022400965,2025-03-14,LAL @ DEN,L,16,5,1,5,0.2,1,5,0.2,2,2,1.0,2,0,2,0,1,0,0,0,8
22024,1630192,Zeke Nnaji,1610612743,DEN,Denver Nuggets,0022400965,2025-03-14,DEN vs. LAL,W,17,4,2,5,0.4,0,0,,0,0,,5,0,5,0,0,1,0,0,-11
22024,1631132,Christian Koloko,1610612747,LAL,Los Angeles Lakers,0022400965,2025-03-14,LAL @ DEN,L,20,8,4,7,0.571,0,0,,0,0,,2,5,7,2,0,1,1,5,13
22024,1642261,Dalton Knecht,1610612747,LAL,Los Angeles Lakers,0022400965,2025-03-14,LAL @ DEN,L,37,32,13,27,0.481,5,13,0.385,1,2,0.5,1,1,2,1,0,0,0,5,-10
22024,1631128,Christian Braun,1610612743,DEN,Denver Nuggets,0022400965,2025-03-14,DEN vs. LAL,W,35,22,9,10,0.9,2,3,0.667,2,2,1.0,1,4,5,6,1,0,1,1,8
22024,1630559,Austin Reaves,1610612747,LAL,Los Angeles Lakers,0022400965,2025-03-14,LAL @ DEN,L,39,37,13,26,0.5,4,10,0.4,7,7,1.0,0,8,8,13,4,0,4,3,0
22024,1629629,Cam Reddish,1610612747,LAL,Los Angeles Lakers,0022400965,2025-03-14,LAL @ DEN,L,7,0,0,2,0.0,0,1,0.0,0,0,,0,0,0,0,0,0,0,0,-12
22024,1629618,Jalen Pickett,1610612743,DEN,Denver Nuggets,0022400965,2025-03-14,DEN vs. LAL,W,2,0,0,0,,0,0,,0,0,,0,0,0,0,0,0,0,1,-1
22024,1629020,Jarred Vanderbilt,1610612747,LAL,Los Angeles Lakers,0022400965,2025-03-14,LAL @ DEN,L,24,9,3,6,0.5,1,2,0.5,2,4,0.5,4,3,7,7,3,0,1,4,-13
22024,1627750,Jamal Murray,1610612743,DEN,Denver Nuggets,0022400965,2025-03-14,DEN vs. LAL,W,39,26,9,16,0.563,5,9,0.556,3,3,1.0,0,4,4,5,0,1,2,2,6
22024,203999,Nikola Jokić,1610612743,DEN,Denver Nuggets,0022400965,2025-03-14,DEN vs. LAL,W,38,28,8,16,0.5,0,4,0.0,12,17,0.706,1,6,7,5,3,1,4,5,2
22024,203932,Aaron Gordon,1610612743,DEN,Denver Nuggets,0022400965,2025-03-14,DEN vs. LAL,W,31,17,3,6,0.5,2,4,0.5,9,10,0.9,1,6,7,4,0,1,0,1,16
22024,203458,Alex Len,1610612747,LAL,Los Angeles Lakers,0022400965,2025-03-14,LAL @ DEN,L,12,2,1,2,0.5,0,0,,0,0,,4,1,5,1,0,0,0,3,-8
22024,202693,Markieff Morris,1610612747,LAL,Los Angeles Lakers,0022400965,2025-03-14,LAL @ DEN,L,24,7,3,11,0.273,1,4,0.25,0,0,,2,3,5,3,0,0,0,2,-5
22024,1631115,Orlando Robinson,1610612761,TOR,Toronto Raptors,0022400966,2025-03-14,TOR @ UTA,W,34,14,4,10,0.4,0,0,,6,8,0.75,3,7,10,5,0,2,2,4,4
22024,1642347,Jamal Shead,1610612761,TOR,Toronto Raptors,0022400966,2025-03-14,TOR @ UTA,W,27,11,4,9,0.444,3,4,0.75,0,0,,1,1,2,5,3,2,2,3,2
22024,1642268,Isaiah Collier,1610612762,UTA,Utah Jazz,0022400966,2025-03-14,UTA vs. TOR,L,36,16,6,11,0.545,0,0,,4,5,0.8,1,4,5,8,1,0,1,1,12
22024,1630639,A.J. Lawson,1610612761,TOR,Toronto Raptors,0022400966,2025-03-14,TOR @ UTA,W,24,18,6,10,0.6,2,5,0.4,4,6,0.667,1,4,5,0,0,0,1,2,10
22024,1630567,Scottie Barnes,1610612761,TOR,Toronto Raptors,0022400966,2025-03-14,TOR @ UTA,W,24,20,8,16,0.5,1,2,0.5,3,6,0.5,1,9,10,3,1,0,1,1,13
22024,1630548,Johnny Juzang,1610612762,UTA,Utah Jazz,0022400966,2025-03-14,UTA vs. TOR,L,24,14,5,12,0.417,2,8,0.25,2,2,1.0,0,4,4,1,2,0,2,4,-10
22024,1630531,Jaden Springer,1610612762,UTA,Utah Jazz,0022400966,2025-03-14,UTA vs. TOR,L,17,6,2,4,0.5,0,2,0.0,2,4,0.5,0,1,1,3,2,1,1,4,6
22024,1630231,KJ Martin,1610612762,UTA,Utah Jazz,0022400966,2025-03-14,UTA vs. TOR,L,21,2,1,3,0.333,0,1,0.0,0,0,,0,1,1,3,1,0,0,4,-29
22024,1630193,Immanuel Quickley,1610612761,TOR,Toronto Raptors,0022400966,2025-03-14,TOR @ UTA,W,25,20,6,13,0.462,2,8,0.25,6,6,1.0,1,4,5,5,1,0,2,2,14
22024,1629628,RJ Barrett,1610612761,TOR,Toronto Raptors,0022400966,2025-03-14,TOR @ UTA,W,25,17,7,14,0.5,1,4,0.25,2,3,0.667,0,2,2,5,1,0,2,3,0
22024,1629012,Collin Sexton,1610612762,UTA,Utah Jazz,0022400966,2025-03-14,UTA vs. TOR,L,20,8,3,13,0.231,0,3,0.0,2,3,0.667,1,0,1,2,0,0,3,1,-24
22024,203914,Gary Harris,1610612753,ORL,Orlando Magic,0022400963,2025-03-14,ORL @ MIN,L,21,3,1,2,0.5,1,1,1.0,0,0,,0,1,1,1,0,2,0,3,1
22024,202709,Cory Joseph,1610612753,ORL,Orlando Magic,0022400963,2025-03-14,ORL @ MIN,L,28,8,4,6,0.667,0,1,0.0,0,1,0.0,0,3,3,3,1,1,0,4,-13
22024,202695,Kawhi Leonard,1610612746,LAC,LA Clippers,0022400960,2025-03-14,LAC @ ATL,W,36,25,11,21,0.524,1,4,0.25,2,4,0.5,2,4,6,2,5,0,3,3,3
22024,1642258,Zaccharie Risacher,1610612737,ATL,Atlanta Hawks,0022400960,2025-03-14,ATL vs. LAC,L,36,15,6,10,0.6,1,3,0.333,2,2,1.0,2,5,7,1,2,0,3,4,-8
22024,1642353,Cam Christie,1610612746,LAC,LA Clippers,0022400960,2025-03-14,LAC @ ATL,W,2,2,1,1,1.0,0,0,,0,0,,0,1,1,1,0,0,0,0,4
22024,1641738,Kobe Brown,1610612746,LAC,LA Clippers,0022400960,2025-03-14,LAC @ ATL,W,2,0,0,0,,0,0,,0,0,,0,1,1,1,1,0,0,0,4
22024,1631243,Mouhamed Gueye,1610612737,ATL,Atlanta Hawks,0022400960,2025-03-14,ATL vs. LAC,L,11,5,2,4,0.5,1,1,1.0,0,0,,1,3,4,0,0,1,1,1,-7
22024,1631230,Dominick Barlow,1610612737,ATL,Atlanta Hawks,0022400960,2025-03-14,ATL vs. LAC,L,16,10,5,8,0.625,0,2,0.0,0,1,0.0,1,3,4,0,0,0,0,3,-7
22024,1630700,Dyson Daniels,1610612737,ATL,Atlanta Hawks,0022400960,2025-03-14,ATL vs. LAC,L,31,6,2,12,0.167,0,4,0.0,2,2,1.0,2,4,6,5,3,0,3,3,-3
22024,1630249,Vít Krejčí,1610612737,ATL,Atlanta Hawks,0022400960,2025-03-14,ATL vs. LAC,L,17,6,2,4,0.5,2,4,0.5,0,0,,0,2,2,2,0,1,1,0,-8
22024,1629234,Drew Eubanks,1610612746,LAC,LA Clippers,0022400960,2025-03-14,LAC @ ATL,W,2,0,0,0,,0,0,,0,0,,0,0,0,0,0,0,0,0,4
22024,1629027,Trae Young,1610612737,ATL,Atlanta Hawks,0022400960,2025-03-14,ATL vs. LAC,L,34,17,6,18,0.333,2,6,0.333,3,4,0.75,3,1,4,7,0,0,7,0,-15
22024,1627826,Ivica Zubac,1610612746,LAC,LA Clippers,0022400960,2025-03-14,LAC @ ATL,W,30,18,8,9,0.889,0,0,,2,3,0.667,1,5,6,2,0,0,2,2,18
22024,1627777,Georges Niang,1610612737,ATL,Atlanta Hawks,0022400960,2025-03-14,ATL vs. LAC,L,13,0,0,5,0.0,0,3,0.0,0,0,,0,0,0,1,0,0,3,1,-20
22024,203992,Bogdan Bogdanović,1610612746,LAC,LA Clippers,0022400960,2025-03-14,LAC @ ATL,W,21,12,4,6,0.667,2,2,1.0,2,2,1.0,0,3,3,3,0,0,1,1,13
22024,201587,Nicolas Batum,1610612746,LAC,LA Clippers,0022400960,2025-03-14,LAC @ ATL,W,23,11,4,8,0.5,3,5,0.6,0,0,,3,4,7,2,1,1,1,1,7
22024,1642276,Kel'el Ware,1610612748,MIA,Miami Heat,0022400958,2025-03-14,MIA vs. BOS,L,15,7,3,4,0.75,0,1,0.0,1,2,0.5,1,2,3,0,1,1,0,0,1
22024,1641796,Pelle Larsson,1610612748,MIA,Miami Heat,0022400958,2025-03-14,MIA vs. BOS,L,16,2,1,2,0.5,0,1,0.0,0,0,,0,0,0,0,0,0,1,1,-4
22024,1630573,Sam Hauser,1610612738,BOS,Boston Celtics,0022400958,2025-03-14,BOS @ MIA,W,21,6,2,4,0.5,2,4,0.5,0,0,,0,3,3,0,0,0,0,2,-2
22024,1630558,Davion Mitchell,1610612748,MIA,Miami Heat,0022400958,2025-03-14,MIA vs. BOS,L,35,12,4,8,0.5,3,5,0.6,1,3,0.333,0,9,9,4,1,0,3,3,-4
22024,1630202,Payton Pritchard,1610612738,BOS,Boston Celtics,0022400958,2025-03-14,BOS @ MIA,W,27,11,4,12,0.333,3,9,0.333,0,0,,1,2,3,0,3,0,2,2,0
22024,1629674,Neemias Queta,1610612738,BOS,Boston Celtics,0022400958,2025-03-14,BOS @ MIA,W,23,2,0,2,0.0,0,0,,2,2,1.0,3,5,8,0,0,1,3,4,9
22024,1629130,Duncan Robinson,1610612748,MIA,Miami Heat,0022400958,2025-03-14,MIA vs. BOS,L,26,6,2,6,0.333,2,6,0.333,0,0,,0,3,3,0,1,0,2,3,-18
22024,1628436,Luke Kornet,1610612738,BOS,Boston Celtics,0022400958,2025-03-14,BOS @ MIA,W,22,4,2,3,0.667,0,1,0.0,0,0,,0,4,4,1,1,0,0,3,10
22024,1628401,Derrick White,1610612738,BOS,Boston Celtics,0022400958,2025-03-14,BOS @ MIA,W,37,18,7,18,0.389,3,11,0.273,1,2,0.5,1,4,5,4,2,0,2,0,12
22024,203952,Andrew Wiggins,1610612748,MIA,Miami Heat,0022400958,2025-03-14,MIA vs. BOS,L,37,23,9,21,0.429,3,8,0.375,2,4,0.5,0,4,4,3,4,0,4,2,-11
22024,1641775,Jordan Walsh,1610612738,BOS,Boston Celtics,0022400958,2025-03-14,BOS @ MIA,W,7,0,0,1,0.0,0,1,0.0,0,0,,0,1,1,0,0,0,0,1,-6
22024,1631170,Jaime Jaquez Jr.,1610612748,MIA,Miami Heat,0022400958,2025-03-14,MIA vs. BOS,L,31,13,5,10,0.5,2,3,0.667,1,3,0.333,2,3,5,3,0,0,0,0,-8
22024,1629639,Tyler Herro,1610612748,MIA,Miami Heat,0022400958,2025-03-14,MIA vs. BOS,L,38,19,7,15,0.467,3,8,0.375,2,2,1.0,1,4,5,6,2,2,4,1,-6
22024,1629312,Haywood Highsmith,1610612748,MIA,Miami Heat,0022400958,2025-03-14,MIA vs. BOS,L,9,0,0,2,0.0,0,1,0.0,0,0,,0,0,0,0,1,0,1,0,3
22024,1628389,Bam Adebayo,1610612748,MIA,Miami Heat,0022400958,2025-03-14,MIA vs. BOS,L,33,9,3,7,0.429,0,1,0.0,3,3,1.0,3,6,9,2,0,1,2,2,-13
22024,1628369,Jayson Tatum,1610612738,BOS,Boston Celtics,0022400958,2025-03-14,BOS @ MIA,W,37,28,8,21,0.381,5,12,0.417,7,7,1.0,0,4,4,5,1,0,5,2,10
22024,201950,Jrue Holiday,1610612738,BOS,Boston Celtics,0022400958,2025-03-14,BOS @ MIA,W,35,25,10,15,0.667,5,8,0.625,0,0,,1,3,4,3,1,2,1,2,12
22024,201143,Al Horford,1610612738,BOS,Boston Celtics,0022400958,2025-03-14,BOS @ MIA,W,32,9,3,7,0.429,1,4,0.25,2,2,1.0,3,6,9,5,0,1,1,1,15
22024,1630174,Aaron Nesmith,1610612754,IND,Indiana Pacers,0022400959,2025-03-14,IND @ PHI,W,28,16,6,11,0.545,3,6,0.5,1,2,0.5,1,2,3,2,1,0,0,3,23
22024,1631097,Bennedict Mathurin,1610612754,IND,Indiana Pacers,0022400959,2025-03-14,IND @ PHI,W,15,5,1,7,0.143,1,4,0.25,2,2,1.0,0,1,1,1,0,0,2,1,-7
22024,204456,T.J. McConnell,1610612754,IND,Indiana Pacers,0022400959,2025-03-14,IND @ PHI,W,17,8,4,4,1.0,0,0,,0,0,,1,1,2,0,0,0,5,0,-10
22024,1630167,Obi Toppin,1610612754,IND,Indiana Pacers,0022400959,2025-03-14,IND @ PHI,W,25,11,4,7,0.571,0,2,0.0,3,4,0.75,2,6,8,3,1,0,0,2,-14
22024,1642024,Alex Reese,1610612755,PHI,Philadelphia 76ers,0022400959,2025-03-14,PHI vs. IND,L,19,5,2,5,0.4,1,4,0.25,0,0,,0,3,3,0,1,2,1,2,0
22024,1641741,Ricky Council IV,1610612755,PHI,Philadelphia 76ers,0022400959,2025-03-14,PHI vs. IND,L,37,14,5,14,0.357,2,8,0.25,2,3,0.667,1,3,4,0,0,3,2,3,-12
22024,1630288,Jeff Dowtin Jr.,1610612755,PHI,Philadelphia 76ers,0022400959,2025-03-14,PHI vs. IND,L,40,24,11,20,0.55,1,5,0.2,1,1,1.0,2,3,5,4,2,1,0,1,-14
22024,1630215,Jared Butler,1610612755,PHI,Philadelphia 76ers,0022400959,2025-03-14,PHI vs. IND,L,33,17,6,13,0.462,3,9,0.333,2,2,1.0,0,3,3,4,0,1,4,3,-14
22024,1630169,Tyrese Haliburton,1610612754,IND,Indiana Pacers,0022400959,2025-03-14,IND @ PHI,W,31,14,5,13,0.385,2,7,0.286,2,3,0.667,2,3,5,10,1,0,1,0,15
22024,1629614,Andrew Nembhard,1610612754,IND,Indiana Pacers,0022400959,2025-03-14,IND @ PHI,W,33,5,1,6,0.167,1,6,0.167,2,2,1.0,0,2,2,7,0,0,0,1,26
22024,1627824,Guerschon Yabusele,1610612755,PHI,Philadelphia 76ers,0022400959,2025-03-14,PHI vs. IND,L,36,5,1,6,0.167,1,3,0.333,2,4,0.5,2,13,15,2,1,0,2,1,-3
22024,1627783,Pascal Siakam,1610612754,IND,Indiana Pacers,0022400959,2025-03-14,IND @ PHI,W,29,27,12,20,0.6,1,4,0.25,2,3,0.667,2,5,7,4,1,2,2,2,28
22024,1626167,Myles Turner,1610612754,IND,Indiana Pacers,0022400959,2025-03-14,IND @ PHI,W,28,18,7,13,0.538,2,3,0.667,2,2,1.0,4,3,7,1,0,1,0,0,20
22024,1642277,Johnny Furphy,1610612754,IND,Indiana Pacers,0022400959,2025-03-14,IND @ PHI,W,2,0,0,0,,0,0,,0,0,,0,0,0,0,1,0,0,1,0
22024,1641767,Ben Sheppard,1610612754,IND,Indiana Pacers,0022400959,2025-03-14,IND @ PHI,W,16,2,1,4,0.25,0,2,0.0,0,0,,0,4,4,1,1,0,0,5,-11
22024,1641737,Adem Bona,1610612755,PHI,Philadelphia 76ers,0022400959,2025-03-14,PHI vs. IND,L,34,16,5,8,0.625,0,0,,6,7,0.857,4,5,9,0,2,1,2,5,-8
22024,1641720,Jalen Hood-Schifino,1610612755,PHI,Philadelphia 76ers,0022400959,2025-03-14,PHI vs. IND,L,20,5,2,8,0.25,0,4,0.0,1,2,0.5,1,2,3,3,0,0,1,2,1
22024,1631245,Quenton Jackson,1610612754,IND,Indiana Pacers,0022400959,2025-03-14,IND @ PHI,W,2,0,0,0,,0,0,,0,0,,0,0,0,1,0,0,0,0,0
22024,1629052,Oshae Brissett,1610612755,PHI,Philadelphia 76ers,0022400959,2025-03-14,PHI vs. IND,L,23,14,5,8,0.625,3,5,0.6,1,3,0.333,1,0,1,0,1,1,2,2,-10
22024,1628418,Thomas Bryant,1610612754,IND,Indiana Pacers,0022400959,2025-03-14,IND @ PHI,W,13,6,3,4,0.75,0,1,0.0,0,0,,0,6,6,1,0,1,0,2,-10
22024,1627732,Ben Simmons,1610612746,LAC,LA Clippers,0022400960,2025-03-14,LAC @ ATL,W,17,2,1,4,0.25,0,0,,0,0,,0,2,2,4,2,0,0,0,10
22024,1627747,Caris LeVert,1610612737,ATL,Atlanta Hawks,0022400960,2025-03-14,ATL vs. LAC,L,21,12,4,9,0.444,2,4,0.5,2,2,1.0,0,4,4,2,2,1,0,2,-12
22024,1631110,Jeremy Sochan,1610612759,SAS,San Antonio Spurs,0022400964,2025-03-14,SAS vs. CHA,L,16,14,4,9,0.444,1,4,0.25,5,6,0.833,4,0,4,2,2,0,0,1,-19
22024,1631103,Malaki Branham,1610612759,SAS,San Antonio Spurs,0022400964,2025-03-14,SAS vs. CHA,L,7,7,2,2,1.0,2,2,1.0,1,2,0.5,0,0,0,1,1,0,1,1,15
22024,1630572,Sandro Mamukelashvili,1610612759,SAS,San Antonio Spurs,0022400964,2025-03-14,SAS vs. CHA,L,17,13,5,12,0.417,3,7,0.429,0,0,,3,0,3,1,2,2,0,2,2
22024,1629162,Jordan McLaughlin,1610612759,SAS,San Antonio Spurs,0022400964,2025-03-14,SAS vs. CHA,L,7,3,1,1,1.0,1,1,1.0,0,0,,0,2,2,2,0,0,1,0,15
22024,1631104,Blake Wesley,1610612759,SAS,San Antonio Spurs,0022400964,2025-03-14,SAS vs. CHA,L,24,10,3,6,0.5,1,2,0.5,3,4,0.75,1,3,4,3,2,0,2,1,7
22024,1631217,Moussa Diabaté,1610612766,CHA,Charlotte Hornets,0022400964,2025-03-14,CHA @ SAS,W,6,0,0,2,0.0,0,0,,0,0,,1,1,2,0,0,0,1,0,-8
22024,1630163,LaMelo Ball,1610612766,CHA,Charlotte Hornets,0022400964,2025-03-14,CHA @ SAS,W,29,27,9,13,0.692,7,11,0.636,2,2,1.0,1,2,3,15,1,0,4,0,27
22024,1631109,Mark Williams,1610612766,CHA,Charlotte Hornets,0022400964,2025-03-14,CHA @ SAS,W,29,14,5,6,0.833,0,0,,4,4,1.0,2,8,10,3,1,0,3,2,14
22024,1630585,Marcus Garrett,1610612766,CHA,Charlotte Hornets,0022400964,2025-03-14,CHA @ SAS,W,19,5,1,6,0.167,1,2,0.5,2,2,1.0,1,0,1,3,0,1,1,2,-16
22024,1630182,Josh Green,1610612766,CHA,Charlotte Hornets,0022400964,2025-03-14,CHA @ SAS,W,28,20,7,11,0.636,6,9,0.667,0,0,,1,0,1,3,4,0,0,1,7
22024,1629640,Keldon Johnson,1610612759,SAS,San Antonio Spurs,0022400964,2025-03-14,SAS vs. CHA,L,22,12,4,11,0.364,1,4,0.25,3,3,1.0,2,3,5,3,1,0,0,1,-5
22024,203552,Seth Curry,1610612766,CHA,Charlotte Hornets,0022400964,2025-03-14,CHA @ SAS,W,19,5,2,4,0.5,1,2,0.5,0,0,,0,2,2,2,0,0,1,0,11
22024,1628970,Miles Bridges,1610612766,CHA,Charlotte Hornets,0022400964,2025-03-14,CHA @ SAS,W,29,21,7,14,0.5,2,7,0.286,5,7,0.714,1,6,7,8,0,1,1,1,12
22024,1642264,Stephon Castle,1610612759,SAS,San Antonio Spurs,0022400964,2025-03-14,SAS vs. CHA,L,29,26,10,17,0.588,3,7,0.429,3,4,0.75,1,2,3,1,1,1,4,2,-16
22024,1641733,Nick Smith Jr.,1610612766,CHA,Charlotte Hornets,0022400964,2025-03-14,CHA @ SAS,W,27,26,9,12,0.75,6,7,0.857,2,2,1.0,0,3,3,5,0,0,4,3,2
22024,1631127,Harrison Ingram,1610612759,SAS,San Antonio Spurs,0022400964,2025-03-14,SAS vs. CHA,L,7,2,1,1,1.0,0,0,,0,0,,1,2,3,1,1,0,0,1,15
22024,1631111,Wendell Moore Jr.,1610612766,CHA,Charlotte Hornets,0022400964,2025-03-14,CHA @ SAS,W,9,0,0,1,0.0,0,0,,0,0,,1,0,1,1,0,0,0,0,-2
22024,1630577,Julian Champagnie,1610612759,SAS,San Antonio Spurs,0022400964,2025-03-14,SAS vs. CHA,L,20,12,4,8,0.5,3,5,0.6,1,1,1.0,2,3,5,2,0,0,1,1,-8
22024,1630170,Devin Vassell,1610612759,SAS,San Antonio Spurs,0022400964,2025-03-14,SAS vs. CHA,L,31,22,9,16,0.563,3,7,0.429,1,1,1.0,1,2,3,3,1,1,0,3,-14
22024,1629610,DaQuan Jeffries,1610612766,CHA,Charlotte Hornets,0022400964,2025-03-14,CHA @ SAS,W,33,13,5,9,0.556,3,7,0.429,0,0,,0,1,1,1,1,0,1,4,4
22024,203994,Jusuf Nurkić,1610612766,CHA,Charlotte Hornets,0022400964,2025-03-14,CHA @ SAS,W,13,14,6,7,0.857,0,1,0.0,2,2,1.0,0,3,3,1,0,0,2,4,4
22024,203084,Harrison Barnes,1610612759,SAS,San Antonio Spurs,0022400964,2025-03-14,SAS vs. CHA,L,21,10,4,9,0.444,2,6,0.333,0,1,0.0,1,0,1,1,0,0,0,1,-18
22024,202687,Bismack Biyombo,1610612759,SAS,San Antonio Spurs,0022400964,2025-03-14,SAS vs. CHA,L,21,0,0,0,,0,0,,0,0,,1,1,2,4,3,1,2,1,-11
22024,101108,Chris Paul,1610612759,SAS,San Antonio Spurs,0022400964,2025-03-14,SAS vs. CHA,L,18,3,1,3,0.333,1,1,1.0,0,0,,0,1,1,3,0,0,2,2,-18
22024,1631106,Tari Eason,1610612745,HOU,Houston Rockets,0022400961,2025-03-14,HOU vs. DAL,W,31,30,11,15,0.733,2,3,0.667,6,6,1.0,2,6,8,2,1,2,1,0,37
22024,1631095,Jabari Smith Jr.,1610612745,HOU,Houston Rockets,0022400961,2025-03-14,HOU vs. DAL,W,24,13,6,10,0.6,0,2,0.0,1,1,1.0,2,6,8,2,0,2,2,1,13
22024,1630556,Kessler Edwards,1610612742,DAL,Dallas Mavericks,0022400961,2025-03-14,DAL @ HOU,L,35,12,4,10,0.4,2,5,0.4,2,2,1.0,1,5,6,0,1,4,1,2,-19
22024,1630230,Naji Marshall,1610612742,DAL,Dallas Mavericks,0022400961,2025-03-14,DAL @ HOU,L,34,21,8,15,0.533,1,2,0.5,4,4,1.0,0,5,5,3,1,1,1,0,-30
22024,1629111,Jock Landale,1610612745,HOU,Houston Rockets,0022400961,2025-03-14,HOU vs. DAL,W,23,6,3,4,0.75,0,0,,0,0,,3,2,5,0,1,0,1,3,15
22024,1628997,Caleb Martin,1610612742,DAL,Dallas Mavericks,0022400961,2025-03-14,DAL @ HOU,L,24,8,3,7,0.429,1,1,1.0,1,1,1.0,0,1,1,2,0,0,1,2,-17
22024,1628988,Aaron Holiday,1610612745,HOU,Houston Rockets,0022400961,2025-03-14,HOU vs. DAL,W,16,13,5,9,0.556,3,5,0.6,0,0,,0,3,3,4,0,0,0,3,10
22024,203915,Spencer Dinwiddie,1610612742,DAL,Dallas Mavericks,0022400961,2025-03-14,DAL @ HOU,L,35,20,9,15,0.6,2,3,0.667,0,1,0.0,0,3,3,2,0,0,1,1,-29
22024,202691,Klay Thompson,1610612742,DAL,Dallas Mavericks,0022400961,2025-03-14,DAL @ HOU,L,26,5,2,16,0.125,0,3,0.0,1,1,1.0,3,6,9,3,0,0,1,1,-33
22024,201145,Jeff Green,1610612745,HOU,Houston Rockets,0022400961,2025-03-14,HOU vs. DAL,W,15,0,0,0,,0,0,,0,0,,0,4,4,1,0,0,1,1,18
22024,1630314,Brandon Williams,1610612742,DAL,Dallas Mavericks,0022400961,2025-03-14,DAL @ HOU,L,26,25,11,14,0.786,2,4,0.5,1,1,1.0,0,4,4,2,1,0,1,2,-14
22024,1641715,Cam Whitmore,1610612745,HOU,Houston Rockets,0022400961,2025-03-14,HOU vs. DAL,W,7,10,4,6,0.667,2,3,0.667,0,0,,0,0,0,1,0,0,0,0,1
22024,1631466,Nate Williams,1610612745,HOU,Houston Rockets,0022400961,2025-03-14,HOU vs. DAL,W,7,0,0,2,0.0,0,2,0.0,0,0,,0,1,1,1,0,0,0,0,1
22024,1631108,Max Christie,1610612742,DAL,Dallas Mavericks,0022400961,2025-03-14,DAL @ HOU,L,34,2,1,13,0.077,0,4,0.0,0,0,,0,4,4,0,0,0,0,0,-23
22024,1630578,Alperen Sengun,1610612745,HOU,Houston Rockets,0022400961,2025-03-14,HOU vs. DAL,W,25,16,7,16,0.438,0,1,0.0,2,3,0.667,8,7,15,4,1,0,2,2,22
22024,1630256,Jae'Sean Tate,1610612745,HOU,Houston Rockets,0022400961,2025-03-14,HOU vs. DAL,W,7,2,1,3,0.333,0,0,,0,0,,1,4,5,1,0,0,1,0,1
22024,1630224,Jalen Green,1610612745,HOU,Houston Rockets,0022400961,2025-03-14,HOU vs. DAL,W,32,23,9,19,0.474,4,8,0.5,1,2,0.5,1,8,9,5,1,2,2,2,27
22024,1628415,Dillon Brooks,1610612745,HOU,Houston Rockets,0022400961,2025-03-14,HOU vs. DAL,W,28,12,5,13,0.385,2,3,0.667,0,0,,0,2,2,3,0,0,0,1,21
22024,1627832,Fred VanVleet,1610612745,HOU,Houston Rockets,0022400961,2025-03-14,HOU vs. DAL,W,25,8,3,8,0.375,2,4,0.5,0,0,,0,7,7,3,1,0,0,0,19
22024,203957,Danté Exum,1610612742,DAL,Dallas Mavericks,0022400961,2025-03-14,DAL @ HOU,L,7,2,1,3,0.333,0,0,,0,0,,0,0,0,0,0,0,0,0,-1
22024,203939,Dwight Powell,1610612742,DAL,Dallas Mavericks,0022400961,2025-03-14,DAL @ HOU,L,20,1,0,1,0.0,0,0,,1,2,0.5,2,0,2,2,1,1,1,3,-19
22024,1629599,Amir Coffey,1610612746,LAC,LA Clippers,0022400960,2025-03-14,LAC @ ATL,W,23,12,5,9,0.556,2,3,0.667,0,0,,0,1,1,3,1,0,0,1,7
22024,201988,Patty Mills,1610612746,LAC,LA Clippers,0022400960,2025-03-14,LAC @ ATL,W,2,0,0,0,,0,0,,0,0,,0,0,0,1,0,0,0,0,6
22024,201935,James Harden,1610612746,LAC,LA Clippers,0022400960,2025-03-14,LAC @ ATL,W,36,25,8,14,0.571,4,8,0.5,5,6,0.833,0,8,8,7,2,2,6,2,24
22024,1630168,Onyeka Okongwu,1610612737,ATL,Atlanta Hawks,0022400960,2025-03-14,ATL vs. LAC,L,32,18,6,10,0.6,0,1,0.0,6,6,1.0,4,6,10,3,1,3,0,1,-16
22024,1627739,Kris Dunn,1610612746,LAC,LA Clippers,0022400960,2025-03-14,LAC @ ATL,W,22,0,0,4,0.0,0,1,0.0,0,0,,0,3,3,1,1,1,0,2,3
22024,1629611,Terance Mann,1610612737,ATL,Atlanta Hawks,0022400960,2025-03-14,ATL vs. LAC,L,27,9,4,8,0.5,1,5,0.2,0,0,,0,3,3,4,0,0,0,3,-19
22024,1627884,Derrick Jones Jr.,1610612746,LAC,LA Clippers,0022400960,2025-03-14,LAC @ ATL,W,23,14,5,10,0.5,0,4,0.0,4,5,0.8,1,1,2,0,1,1,0,3,12
22024,203897,Zach LaVine,1610612758,SAC,Sacramento Kings,0022400967,2025-03-14,SAC @ PHX,L,36,21,7,13,0.538,2,6,0.333,5,6,0.833,0,3,3,2,1,0,2,3,-21
